[
  {
    "code": "DXI-0001",
    "name": "Suharyo",
    "desc": "Jalan Singa, Semarang",
    "shift": 1,
    "isAttended": "",
    "updatedBy": "",
    "isExchanged": "",
    "exchangedAt": "",
    "exchangedBy": ""
  },
  {
    "code": "DXI-0002",
    "name": "Heru Setyabudi",
    "desc": "Jalan Singa, Semarang",
    "shift": 1,
    "isAttended": "",
    "updatedBy": "",
    "isExchanged": "",
    "exchangedAt": "",
    "exchangedBy": ""
  },
  {
    "code": "DXI-0003",
    "name": "Doni Widiyanto",
    "desc": "Jalan Singa, Semarang",
    "shift": 1,
    "isAttended": "",
    "updatedBy": "",
    "isExchanged": "",
    "exchangedAt": "",
    "exchangedBy": ""
  },
  {
    "code": "DXI-0004",
    "name": "Bu Edi Susanto",
    "desc": "Jalan Singa, Semarang",
    "shift": 1,
    "isAttended": "",
    "updatedBy": "",
    "isExchanged": "",
    "exchangedAt": "",
    "exchangedBy": ""
  },
  {
    "code": "DXI-0005",
    "name": "Hermawan",
    "desc": "Jalan Singa, Semarang",
    "shift": 1,
    "isAttended": "",
    "updatedBy": "",
    "isExchanged": "",
    "exchangedAt": "",
    "exchangedBy": ""
  },
  {
    "code": "DXI-0006",
    "name": "Budijono",
    "desc": "Jalan Singa, Semarang",
    "shift": 1,
    "isAttended": "",
    "updatedBy": "",
    "isExchanged": "",
    "exchangedAt": "",
    "exchangedBy": ""
  },
  {
    "code": "DXI-0007",
    "name": "Hanif",
    "desc": "Jalan Singa, Semarang",
    "shift": 1,
    "isAttended": "",
    "updatedBy": "",
    "isExchanged": "",
    "exchangedAt": "",
    "exchangedBy": ""
  },
  {
    "code": "DXI-0008",
    "name": "Adi Wiratama",
    "desc": "Jalan Singa, Semarang",
    "shift": 1,
    "isAttended": "",
    "updatedBy": "",
    "isExchanged": "",
    "exchangedAt": "",
    "exchangedBy": ""
  },
  {
    "code": "DXI-0009",
    "name": "Hendro",
    "desc": "Jalan Singa, Semarang",
    "shift": 1,
    "isAttended": "",
    "updatedBy": "",
    "isExchanged": "",
    "exchangedAt": "",
    "exchangedBy": ""
  },
  {
    "code": "DXI-0010",
    "name": "Santoso",
    "desc": "Jalan Singa, Semarang",
    "shift": 1,
    "isAttended": "",
    "updatedBy": "",
    "isExchanged": "",
    "exchangedAt": "",
    "exchangedBy": ""
  },
  {
    "code": "DXI-0011",
    "name": "Yori",
    "desc": "Jalan Singa, Semarang",
    "shift": 1,
    "isAttended": "",
    "updatedBy": "",
    "isExchanged": "",
    "exchangedAt": "",
    "exchangedBy": ""
  },
  {
    "code": "DXI-0012",
    "name": "Chandra",
    "desc": "Jalan Singa, Semarang",
    "shift": 1,
    "isAttended": "",
    "updatedBy": "",
    "isExchanged": "",
    "exchangedAt": "",
    "exchangedBy": ""
  },
  {
    "code": "DXI-0013",
    "name": "Ali Muhtarom",
    "desc": "Jalan Singa, Semarang",
    "shift": 1,
    "isAttended": "",
    "updatedBy": "",
    "isExchanged": "",
    "exchangedAt": "",
    "exchangedBy": ""
  },
  {
    "code": "DXI-0014",
    "name": "Sagimin",
    "desc": "Jalan Singa, Semarang",
    "shift": 1,
    "isAttended": "",
    "updatedBy": "",
    "isExchanged": "",
    "exchangedAt": "",
    "exchangedBy": ""
  },
  {
    "code": "DXI-0015",
    "name": "Suwardi",
    "desc": "Jalan Singa, Semarang",
    "shift": 1,
    "isAttended": "",
    "updatedBy": "",
    "isExchanged": "",
    "exchangedAt": "",
    "exchangedBy": ""
  },
  {
    "code": "DXI-0016",
    "name": "Kasmari",
    "desc": "Jalan Singa, Semarang",
    "shift": 1,
    "isAttended": "",
    "updatedBy": "",
    "isExchanged": "",
    "exchangedAt": "",
    "exchangedBy": ""
  },
  {
    "code": "DXI-0017",
    "name": "Mawardi",
    "desc": "Jalan Singa, Semarang",
    "shift": 1,
    "isAttended": "",
    "updatedBy": "",
    "isExchanged": "",
    "exchangedAt": "",
    "exchangedBy": ""
  },
  {
    "code": "DXI-0018",
    "name": "Ricky",
    "desc": "Jalan Singa, Semarang",
    "shift": 1,
    "isAttended": "",
    "updatedBy": "",
    "isExchanged": "",
    "exchangedAt": "",
    "exchangedBy": ""
  },
  {
    "code": "DXI-0019",
    "name": "Djaman",
    "desc": "Jalan Singa, Semarang",
    "shift": 1,
    "isAttended": "",
    "updatedBy": "",
    "isExchanged": "",
    "exchangedAt": "",
    "exchangedBy": ""
  },
  {
    "code": "DXI-0020",
    "name": "Steven",
    "desc": "Jalan Singa, Semarang",
    "shift": 1,
    "isAttended": "",
    "updatedBy": "",
    "isExchanged": "",
    "exchangedAt": "",
    "exchangedBy": ""
  },
  {
    "code": "DXI-0021",
    "name": "Arif",
    "desc": "Jalan Singa, Semarang",
    "shift": 1,
    "isAttended": "",
    "updatedBy": "",
    "isExchanged": "",
    "exchangedAt": "",
    "exchangedBy": ""
  },
  {
    "code": "DXI-0022",
    "name": "Sukahar",
    "desc": "Jalan Singa, Semarang",
    "shift": 1,
    "isAttended": "",
    "updatedBy": "",
    "isExchanged": "",
    "exchangedAt": "",
    "exchangedBy": ""
  },
  {
    "code": "DXI-0023",
    "name": "Yunianto",
    "desc": "Jalan Singa, Semarang",
    "shift": 1,
    "isAttended": "",
    "updatedBy": "",
    "isExchanged": "",
    "exchangedAt": "",
    "exchangedBy": ""
  },
  {
    "code": "DXI-0024",
    "name": "Bambang P",
    "desc": "Jalan Singa, Semarang",
    "shift": 1,
    "isAttended": "",
    "updatedBy": "",
    "isExchanged": "",
    "exchangedAt": "",
    "exchangedBy": ""
  },
  {
    "code": "DXI-0025",
    "name": "Andi K",
    "desc": "Jalan Singa, Semarang",
    "shift": 1,
    "isAttended": "",
    "updatedBy": "",
    "isExchanged": "",
    "exchangedAt": "",
    "exchangedBy": ""
  },
  {
    "code": "DXI-0026",
    "name": "Sutarman",
    "desc": "Jalan Singa, Semarang",
    "shift": 1,
    "isAttended": "",
    "updatedBy": "",
    "isExchanged": "",
    "exchangedAt": "",
    "exchangedBy": ""
  },
  {
    "code": "DXI-0027",
    "name": "Danang A",
    "desc": "Jalan Singa, Semarang",
    "shift": 1,
    "isAttended": "",
    "updatedBy": "",
    "isExchanged": "",
    "exchangedAt": "",
    "exchangedBy": ""
  },
  {
    "code": "DXI-0028",
    "name": "Murtono",
    "desc": "Jalan Singa, Semarang",
    "shift": 1,
    "isAttended": "",
    "updatedBy": "",
    "isExchanged": "",
    "exchangedAt": "",
    "exchangedBy": ""
  },
  {
    "code": "DXI-0029",
    "name": "Agung",
    "desc": "Jalan Singa, Semarang",
    "shift": 1,
    "isAttended": "",
    "updatedBy": "",
    "isExchanged": "",
    "exchangedAt": "",
    "exchangedBy": ""
  },
  {
    "code": "DXI-0031",
    "name": "Solekhan",
    "desc": "Jalan Singa, Semarang",
    "shift": 1,
    "isAttended": "",
    "updatedBy": "",
    "isExchanged": "",
    "exchangedAt": "",
    "exchangedBy": ""
  },
  {
    "code": "DXI-0032",
    "name": "Sugeng",
    "desc": "Jalan Singa, Semarang",
    "shift": 1,
    "isAttended": "",
    "updatedBy": "",
    "isExchanged": "",
    "exchangedAt": "",
    "exchangedBy": ""
  },
  {
    "code": "DXI-0033",
    "name": "Bu Linda",
    "desc": "Jalan Singa, Semarang",
    "shift": 1,
    "isAttended": "",
    "updatedBy": "",
    "isExchanged": "",
    "exchangedAt": "",
    "exchangedBy": ""
  },
  {
    "code": "DXI-0034",
    "name": "Bu Mia",
    "desc": "Jalan Singa, Semarang",
    "shift": 1,
    "isAttended": "",
    "updatedBy": "",
    "isExchanged": "",
    "exchangedAt": "",
    "exchangedBy": ""
  },
  {
    "code": "DXI-0035",
    "name": "Bu Suwoko",
    "desc": "Jalan Singa, Semarang",
    "shift": 1,
    "isAttended": "",
    "updatedBy": "",
    "isExchanged": "",
    "exchangedAt": "",
    "exchangedBy": ""
  },
  {
    "code": "DXI-0036",
    "name": "Ari Muchtar",
    "desc": "Jalan Singa, Semarang",
    "shift": 1,
    "isAttended": "",
    "updatedBy": "",
    "isExchanged": "",
    "exchangedAt": "",
    "exchangedBy": ""
  },
  {
    "code": "DXI-0037",
    "name": "Bu Kamto",
    "desc": "Jalan Singa, Semarang",
    "shift": 1,
    "isAttended": "",
    "updatedBy": "",
    "isExchanged": "",
    "exchangedAt": "",
    "exchangedBy": ""
  },
  {
    "code": "DXI-0038",
    "name": "Bu Aryani",
    "desc": "Jalan Singa, Semarang",
    "shift": 1,
    "isAttended": "",
    "updatedBy": "",
    "isExchanged": "",
    "exchangedAt": "",
    "exchangedBy": ""
  },
  {
    "code": "DXI-0039",
    "name": "Bu Trisia",
    "desc": "Jalan Singa, Semarang",
    "shift": 1,
    "isAttended": "",
    "updatedBy": "",
    "isExchanged": "",
    "exchangedAt": "",
    "exchangedBy": ""
  },
  {
    "code": "DXI-0040",
    "name": "Halim",
    "desc": "Jalan Singa, Semarang",
    "shift": 1,
    "isAttended": "",
    "updatedBy": "",
    "isExchanged": "",
    "exchangedAt": "",
    "exchangedBy": ""
  },
  {
    "code": "DXI-0041",
    "name": "Andi P",
    "desc": "Jalan Singa, Semarang",
    "shift": 1,
    "isAttended": "",
    "updatedBy": "",
    "isExchanged": "",
    "exchangedAt": "",
    "exchangedBy": ""
  },
  {
    "code": "DXI-0042",
    "name": "Sapari",
    "desc": "Jalan Singa, Semarang",
    "shift": 1,
    "isAttended": "",
    "updatedBy": "",
    "isExchanged": "",
    "exchangedAt": "",
    "exchangedBy": ""
  },
  {
    "code": "DXI-0043",
    "name": "Agus",
    "desc": "Jalan Singa, Semarang",
    "shift": 1,
    "isAttended": "",
    "updatedBy": "",
    "isExchanged": "",
    "exchangedAt": "",
    "exchangedBy": ""
  },
  {
    "code": "DXI-0045",
    "name": "Yuli",
    "desc": "Singa Tengah, Semarang",
    "shift": 1,
    "isAttended": "",
    "updatedBy": "",
    "isExchanged": "",
    "exchangedAt": "",
    "exchangedBy": ""
  },
  {
    "code": "DXI-0046",
    "name": "Medi",
    "desc": "Singa Tengah, Semarang",
    "shift": 1,
    "isAttended": "",
    "updatedBy": "",
    "isExchanged": "",
    "exchangedAt": "",
    "exchangedBy": ""
  },
  {
    "code": "DXI-0047",
    "name": "Agung A",
    "desc": "Singa Tengah, Semarang",
    "shift": 1,
    "isAttended": "",
    "updatedBy": "",
    "isExchanged": "",
    "exchangedAt": "",
    "exchangedBy": ""
  },
  {
    "code": "DXI-0048",
    "name": "Agung B",
    "desc": "Singa Tengah, Semarang",
    "shift": 1,
    "isAttended": "",
    "updatedBy": "",
    "isExchanged": "",
    "exchangedAt": "",
    "exchangedBy": ""
  },
  {
    "code": "DXI-0049",
    "name": "Totok",
    "desc": "Singa Tengah, Semarang",
    "shift": 1,
    "isAttended": "",
    "updatedBy": "",
    "isExchanged": "",
    "exchangedAt": "",
    "exchangedBy": ""
  },
  {
    "code": "DXI-0050",
    "name": "Sutaryo",
    "desc": "Singa Tengah, Semarang",
    "shift": 1,
    "isAttended": "",
    "updatedBy": "",
    "isExchanged": "",
    "exchangedAt": "",
    "exchangedBy": ""
  },
  {
    "code": "DXI-0051",
    "name": "Zaenuri",
    "desc": "Singa Tengah, Semarang",
    "shift": 1,
    "isAttended": "",
    "updatedBy": "",
    "isExchanged": "",
    "exchangedAt": "",
    "exchangedBy": ""
  },
  {
    "code": "DXI-0052",
    "name": "Supriyadi",
    "desc": "Singa Tengah, Semarang",
    "shift": 1,
    "isAttended": "",
    "updatedBy": "",
    "isExchanged": "",
    "exchangedAt": "",
    "exchangedBy": ""
  },
  {
    "code": "DXI-0053",
    "name": "Sukardi",
    "desc": "Singa Tengah, Semarang",
    "shift": 1,
    "isAttended": "",
    "updatedBy": "",
    "isExchanged": "",
    "exchangedAt": "",
    "exchangedBy": ""
  },
  {
    "code": "DXI-0054",
    "name": "VIP - Asep Misbahudin",
    "desc": "PZ Cussons",
    "shift": 2,
    "isAttended": "",
    "updatedBy": "",
    "isExchanged": "",
    "exchangedAt": "",
    "exchangedBy": ""
  },
  {
    "code": "DXI-0055",
    "name": "Atmaja Belawan",
    "desc": "PZ Cussons",
    "shift": 2,
    "isAttended": "",
    "updatedBy": "",
    "isExchanged": "",
    "exchangedAt": "",
    "exchangedBy": ""
  },
  {
    "code": "DXI-0057",
    "name": "VIP - Dwi Sansito",
    "desc": "PZ Cussons",
    "shift": 2,
    "isAttended": "",
    "updatedBy": "",
    "isExchanged": "",
    "exchangedAt": "",
    "exchangedBy": ""
  },
  {
    "code": "DXI-0058",
    "name": "VIP - Mujianto",
    "desc": "PZ Cussons",
    "shift": 2,
    "isAttended": "",
    "updatedBy": "",
    "isExchanged": "",
    "exchangedAt": "",
    "exchangedBy": ""
  },
  {
    "code": "DXI-0059",
    "name": "VIP - M. Achsin Hamim",
    "desc": "PZ Cussons",
    "shift": 2,
    "isAttended": "",
    "updatedBy": "",
    "isExchanged": "",
    "exchangedAt": "",
    "exchangedBy": ""
  },
  {
    "code": "DXI-0060",
    "name": "VIP - Moh. Atiq Sajaya",
    "desc": "PZ Cussons",
    "shift": 2,
    "isAttended": "",
    "updatedBy": "",
    "isExchanged": "",
    "exchangedAt": "",
    "exchangedBy": ""
  },
  {
    "code": "DXI-0061",
    "name": "VIP - Puguh Kunto Asmoro",
    "desc": "PZ Cussons",
    "shift": 2,
    "isAttended": "",
    "updatedBy": "",
    "isExchanged": "",
    "exchangedAt": "",
    "exchangedBy": ""
  },
  {
    "code": "DXI-0062",
    "name": "VIP - Prastiyo Edy Laksono",
    "desc": "PZ Cussons",
    "shift": 2,
    "isAttended": "",
    "updatedBy": "",
    "isExchanged": "",
    "exchangedAt": "",
    "exchangedBy": ""
  },
  {
    "code": "DXI-0063",
    "name": "VIP - Priyatno",
    "desc": "PZ Cussons",
    "shift": 2,
    "isAttended": "",
    "updatedBy": "",
    "isExchanged": "",
    "exchangedAt": "",
    "exchangedBy": ""
  },
  {
    "code": "DXI-0064",
    "name": "VIP - Pringadi",
    "desc": "PZ Cussons",
    "shift": 2,
    "isAttended": "",
    "updatedBy": "",
    "isExchanged": "",
    "exchangedAt": "",
    "exchangedBy": ""
  },
  {
    "code": "DXI-0065",
    "name": "VIP - Suyanto",
    "desc": "PZ Cussons",
    "shift": 2,
    "isAttended": "",
    "updatedBy": "",
    "isExchanged": "",
    "exchangedAt": "",
    "exchangedBy": ""
  },
  {
    "code": "DXI-0066",
    "name": "VIP - Suratno",
    "desc": "PZ Cussons",
    "shift": 2,
    "isAttended": "",
    "updatedBy": "",
    "isExchanged": "",
    "exchangedAt": "",
    "exchangedBy": ""
  },
  {
    "code": "DXI-0067",
    "name": "VIP - Sigit Wijayanto",
    "desc": "PZ Cussons",
    "shift": 2,
    "isAttended": "",
    "updatedBy": "",
    "isExchanged": "",
    "exchangedAt": "",
    "exchangedBy": ""
  },
  {
    "code": "DXI-0068",
    "name": "VIP - Wiwik Joeniati",
    "desc": "PZ Cussons",
    "shift": 2,
    "isAttended": "",
    "updatedBy": "",
    "isExchanged": "",
    "exchangedAt": "",
    "exchangedBy": ""
  },
  {
    "code": "DXI-0069",
    "name": "VIP - Yudha Prihantono",
    "desc": "PZ Cussons",
    "shift": 2,
    "isAttended": "",
    "updatedBy": "",
    "isExchanged": "",
    "exchangedAt": "",
    "exchangedBy": ""
  },
  {
    "code": "DXI-0078",
    "name": "Pramono",
    "desc": "Semarang",
    "shift": 2,
    "isAttended": "",
    "updatedBy": "",
    "isExchanged": "",
    "exchangedAt": "",
    "exchangedBy": ""
  },
  {
    "code": "DXI-0079",
    "name": "Sri Vatmawati",
    "desc": "Semarang",
    "shift": 2,
    "isAttended": "",
    "updatedBy": "",
    "isExchanged": "",
    "exchangedAt": "",
    "exchangedBy": ""
  },
  {
    "code": "DXI-0080",
    "name": "VIP - Setiawan",
    "desc": "Semarang",
    "shift": 2,
    "isAttended": "",
    "updatedBy": "",
    "isExchanged": "",
    "exchangedAt": "",
    "exchangedBy": ""
  },
  {
    "code": "DXI-0081",
    "name": "Slamet Santoso",
    "desc": "Semarang",
    "shift": 2,
    "isAttended": "",
    "updatedBy": "",
    "isExchanged": "",
    "exchangedAt": "",
    "exchangedBy": ""
  },
  {
    "code": "DXI-0082",
    "name": "Sudono",
    "desc": "Semarang",
    "shift": 2,
    "isAttended": "",
    "updatedBy": "",
    "isExchanged": "",
    "exchangedAt": "",
    "exchangedBy": ""
  },
  {
    "code": "DXI-0083",
    "name": "Tatik",
    "desc": "Semarang",
    "shift": 2,
    "isAttended": "",
    "updatedBy": "",
    "isExchanged": "",
    "exchangedAt": "",
    "exchangedBy": ""
  },
  {
    "code": "DXI-0085",
    "name": "Tri Utami",
    "desc": "Semarang",
    "shift": 2,
    "isAttended": "",
    "updatedBy": "",
    "isExchanged": "",
    "exchangedAt": "",
    "exchangedBy": ""
  },
  {
    "code": "DXI-0087",
    "name": "VIP - Bintoro Mantjolo Putro",
    "desc": "Yogyakarta",
    "shift": 2,
    "isAttended": "",
    "updatedBy": "",
    "isExchanged": "",
    "exchangedAt": "",
    "exchangedBy": ""
  },
  {
    "code": "DXI-0089",
    "name": "Cahyono",
    "desc": "Tegal",
    "shift": 2,
    "isAttended": "",
    "updatedBy": "",
    "isExchanged": "",
    "exchangedAt": "",
    "exchangedBy": ""
  },
  {
    "code": "DXI-0090",
    "name": "Bu Hermanto",
    "desc": "Tegal",
    "shift": 2,
    "isAttended": "",
    "updatedBy": "",
    "isExchanged": "",
    "exchangedAt": "",
    "exchangedBy": ""
  },
  {
    "code": "DXI-0091",
    "name": "Ivana",
    "desc": "Tegal",
    "shift": 2,
    "isAttended": "",
    "updatedBy": "",
    "isExchanged": "",
    "exchangedAt": "",
    "exchangedBy": ""
  },
  {
    "code": "DXI-0092",
    "name": "Hertanto",
    "desc": "Pati",
    "shift": 2,
    "isAttended": "",
    "updatedBy": "",
    "isExchanged": "",
    "exchangedAt": "",
    "exchangedBy": ""
  },
  {
    "code": "DXI-0094",
    "name": "VIP - Makmur Trisujadi",
    "desc": "Magelang",
    "shift": 2,
    "isAttended": "",
    "updatedBy": "",
    "isExchanged": "",
    "exchangedAt": "",
    "exchangedBy": ""
  },
  {
    "code": "DXI-0095",
    "name": "Sugeng",
    "desc": "Gubug",
    "shift": 2,
    "isAttended": "",
    "updatedBy": "",
    "isExchanged": "",
    "exchangedAt": "",
    "exchangedBy": ""
  },
  {
    "code": "DXI-0096",
    "name": "Toto Mulyanto",
    "desc": "Muntilan",
    "shift": 2,
    "isAttended": "",
    "updatedBy": "",
    "isExchanged": "",
    "exchangedAt": "",
    "exchangedBy": ""
  },
  {
    "code": "DXI-0097",
    "name": "VIP - Arif Mustapin",
    "desc": "Sidoarjo",
    "shift": 2,
    "isAttended": "",
    "updatedBy": "",
    "isExchanged": "",
    "exchangedAt": "",
    "exchangedBy": ""
  },
  {
    "code": "DXI-0099",
    "name": "Yohanes",
    "desc": "Solo",
    "shift": 2,
    "isAttended": "",
    "updatedBy": "",
    "isExchanged": "",
    "exchangedAt": "",
    "exchangedBy": ""
  },
  {
    "code": "DXI-0100",
    "name": "Nita Syarifah & Keluarga",
    "desc": "Sahabat Dinda",
    "shift": 1,
    "isAttended": "",
    "updatedBy": "",
    "isExchanged": "",
    "exchangedAt": "",
    "exchangedBy": ""
  },
  {
    "code": "DXI-0101",
    "name": "Risalatul Muawanah & Keluarga",
    "desc": "Sahabat Dinda",
    "shift": 1,
    "isAttended": "",
    "updatedBy": "",
    "isExchanged": "",
    "exchangedAt": "",
    "exchangedBy": ""
  },
  {
    "code": "DXI-0102",
    "name": "Hapsari Anggraini & Keluarga",
    "desc": "Sahabat Dinda",
    "shift": 1,
    "isAttended": "",
    "updatedBy": "",
    "isExchanged": "",
    "exchangedAt": "",
    "exchangedBy": ""
  },
  {
    "code": "DXI-0103",
    "name": "Moleta Tiara & Keluarga",
    "desc": "Sahabat Dinda",
    "shift": 1,
    "isAttended": "",
    "updatedBy": "",
    "isExchanged": "",
    "exchangedAt": "",
    "exchangedBy": ""
  },
  {
    "code": "DXI-0104",
    "name": "Vela Hafira",
    "desc": "Sahabat Dinda",
    "shift": 1,
    "isAttended": "",
    "updatedBy": "",
    "isExchanged": "",
    "exchangedAt": "",
    "exchangedBy": ""
  },
  {
    "code": "DXI-0105",
    "name": "Iqmalifa & Iqmalia",
    "desc": "Sahabat Dinda",
    "shift": 1,
    "isAttended": "",
    "updatedBy": "",
    "isExchanged": "",
    "exchangedAt": "",
    "exchangedBy": ""
  },
  {
    "code": "DXI-0106",
    "name": "Pramudina & Pramudita",
    "desc": "Sahabat Dinda",
    "shift": 1,
    "isAttended": "",
    "updatedBy": "",
    "isExchanged": "",
    "exchangedAt": "",
    "exchangedBy": ""
  },
  {
    "code": "DXI-0107",
    "name": "Rhonandiarto Kalimaya",
    "desc": "Sahabat Dinda",
    "shift": 1,
    "isAttended": "",
    "updatedBy": "",
    "isExchanged": "",
    "exchangedAt": "",
    "exchangedBy": ""
  },
  {
    "code": "DXI-0108",
    "name": "Dodie Ammar Burhan",
    "desc": "Sahabat Dinda",
    "shift": 1,
    "isAttended": "",
    "updatedBy": "",
    "isExchanged": "",
    "exchangedAt": "",
    "exchangedBy": ""
  },
  {
    "code": "DXI-0109",
    "name": "Fitria Ayunisa",
    "desc": "Sahabat Dinda",
    "shift": 2,
    "isAttended": "",
    "updatedBy": "",
    "isExchanged": "",
    "exchangedAt": "",
    "exchangedBy": ""
  },
  {
    "code": "DXI-0110",
    "name": "Alvia Tri Lestari",
    "desc": "Sahabat Dinda",
    "shift": 2,
    "isAttended": "",
    "updatedBy": "",
    "isExchanged": "",
    "exchangedAt": "",
    "exchangedBy": ""
  },
  {
    "code": "DXI-0111",
    "name": "Oei Yunias Belda",
    "desc": "Sahabat Dinda",
    "shift": 2,
    "isAttended": "",
    "updatedBy": "",
    "isExchanged": "",
    "exchangedAt": "",
    "exchangedBy": ""
  },
  {
    "code": "DXI-0112",
    "name": "Ghea Maurizka",
    "desc": "Sahabat Dinda",
    "shift": 2,
    "isAttended": "",
    "updatedBy": "",
    "isExchanged": "",
    "exchangedAt": "",
    "exchangedBy": ""
  },
  {
    "code": "DXI-0113",
    "name": "Jennyka Setiawan",
    "desc": "Sahabat Dinda",
    "shift": 2,
    "isAttended": "",
    "updatedBy": "",
    "isExchanged": "",
    "exchangedAt": "",
    "exchangedBy": ""
  },
  {
    "code": "DXI-0114",
    "name": "Linda Yunitasari",
    "desc": "Sahabat Dinda",
    "shift": 2,
    "isAttended": "",
    "updatedBy": "",
    "isExchanged": "",
    "exchangedAt": "",
    "exchangedBy": ""
  },
  {
    "code": "DXI-0115",
    "name": "Selviana Nur Hidayah",
    "desc": "Sahabat Dinda",
    "shift": 2,
    "isAttended": "",
    "updatedBy": "",
    "isExchanged": "",
    "exchangedAt": "",
    "exchangedBy": ""
  },
  {
    "code": "DXI-0116",
    "name": "Dhyanara Novi Paramita",
    "desc": "Hikayat NET TV",
    "shift": 1,
    "isAttended": "",
    "updatedBy": "",
    "isExchanged": "",
    "exchangedAt": "",
    "exchangedBy": ""
  },
  {
    "code": "DXI-0117",
    "name": "Syifa Fatimah",
    "desc": "UDINUS",
    "shift": 1,
    "isAttended": "",
    "updatedBy": "",
    "isExchanged": "",
    "exchangedAt": "",
    "exchangedBy": ""
  },
  {
    "code": "DXI-0118",
    "name": "Wulan Herdiningsih & Puds",
    "desc": "Ruangguru",
    "shift": 2,
    "isAttended": "",
    "updatedBy": "",
    "isExchanged": "",
    "exchangedAt": "",
    "exchangedBy": ""
  },
  {
    "code": "DXI-0119",
    "name": "Fahry Maulana",
    "desc": "Hore Heroes",
    "shift": 2,
    "isAttended": "",
    "updatedBy": "",
    "isExchanged": "",
    "exchangedAt": "",
    "exchangedBy": ""
  },
  {
    "code": "DXI-0120",
    "name": "Ahlan Firdaus",
    "desc": "Hore Heroes",
    "shift": 2,
    "isAttended": "",
    "updatedBy": "",
    "isExchanged": "",
    "exchangedAt": "",
    "exchangedBy": ""
  },
  {
    "code": "DXI-0121",
    "name": "Madina Tashya",
    "desc": "Hore Heroes",
    "shift": 2,
    "isAttended": "",
    "updatedBy": "",
    "isExchanged": "",
    "exchangedAt": "",
    "exchangedBy": ""
  },
  {
    "code": "DXI-0122",
    "name": "Sauhtirani",
    "desc": "Hore Heroes",
    "shift": 2,
    "isAttended": "",
    "updatedBy": "",
    "isExchanged": "",
    "exchangedAt": "",
    "exchangedBy": ""
  },
  {
    "code": "DXI-0123",
    "name": "Basanta & Binarky",
    "desc": "Hore Heroes",
    "shift": 2,
    "isAttended": "",
    "updatedBy": "",
    "isExchanged": "",
    "exchangedAt": "",
    "exchangedBy": ""
  },
  {
    "code": "DXI-0124",
    "name": "Maria & Yoga",
    "desc": "Amareea",
    "shift": 1,
    "isAttended": "",
    "updatedBy": "",
    "isExchanged": "",
    "exchangedAt": "",
    "exchangedBy": ""
  },
  {
    "code": "DXI-0125",
    "name": "Sandi Mumu, Istri & Anak (2)",
    "desc": "Hikayat NET TV",
    "shift": 1,
    "isAttended": "",
    "updatedBy": "",
    "isExchanged": "",
    "exchangedAt": "",
    "exchangedBy": ""
  },
  {
    "code": "DXI-0126",
    "name": "Yasinta Aulia",
    "desc": "Dompet Dhuafa",
    "shift": 1,
    "isAttended": "",
    "updatedBy": "",
    "isExchanged": "",
    "exchangedAt": "",
    "exchangedBy": ""
  },
  {
    "code": "DXI-0127",
    "name": "Atin Anggraeni",
    "desc": "Semarang",
    "shift": 1,
    "isAttended": "",
    "updatedBy": "",
    "isExchanged": "",
    "exchangedAt": "",
    "exchangedBy": ""
  },
  {
    "code": "DXI-0128",
    "name": "VIP - Priyo",
    "desc": "Gmedia",
    "shift": 1,
    "isAttended": "",
    "updatedBy": "",
    "isExchanged": "",
    "exchangedAt": "",
    "exchangedBy": ""
  },
  {
    "code": "DXI-0129",
    "name": "VIP - Atalia Citra",
    "desc": "Gmedia",
    "shift": 1,
    "isAttended": "",
    "updatedBy": "",
    "isExchanged": "",
    "exchangedAt": "",
    "exchangedBy": ""
  },
  {
    "code": "DXI-0130",
    "name": "Zakiy Anwar Fakhri",
    "desc": "Sahabat Indra",
    "shift": 1,
    "isAttended": "",
    "updatedBy": "",
    "isExchanged": "",
    "exchangedAt": "",
    "exchangedBy": ""
  },
  {
    "code": "DXI-0131",
    "name": "Alif Maulana Putra",
    "desc": "UDINUS",
    "shift": 2,
    "isAttended": "",
    "updatedBy": "",
    "isExchanged": "",
    "exchangedAt": "",
    "exchangedBy": ""
  },
  {
    "code": "DXI-0135",
    "name": "Marice Elisabeth (+ Ario Arzaq) & Devi Setyawati",
    "desc": "UDINUS",
    "shift": 2,
    "isAttended": "",
    "updatedBy": "",
    "isExchanged": "",
    "exchangedAt": "",
    "exchangedBy": ""
  },
  {
    "code": "DXI-0136",
    "name": "Amelia Cahyaningtyas",
    "desc": "UDINUS",
    "shift": 2,
    "isAttended": "",
    "updatedBy": "",
    "isExchanged": "",
    "exchangedAt": "",
    "exchangedBy": ""
  },
  {
    "code": "DXI-0137",
    "name": "Christoporus Kurnia Chandra",
    "desc": "UDINUS",
    "shift": 2,
    "isAttended": "",
    "updatedBy": "",
    "isExchanged": "",
    "exchangedAt": "",
    "exchangedBy": ""
  },
  {
    "code": "DXI-0138",
    "name": "Luthfi Faizal Noor",
    "desc": "UDINUS",
    "shift": 2,
    "isAttended": "",
    "updatedBy": "",
    "isExchanged": "",
    "exchangedAt": "",
    "exchangedBy": ""
  },
  {
    "code": "DXI-0139",
    "name": "Meisy Cahyani",
    "desc": "SMP PAPB",
    "shift": 1,
    "isAttended": "",
    "updatedBy": "",
    "isExchanged": "",
    "exchangedAt": "",
    "exchangedBy": ""
  },
  {
    "code": "DXI-0140",
    "name": "Lita Ardita",
    "desc": "SMP PAPB",
    "shift": 1,
    "isAttended": "",
    "updatedBy": "",
    "isExchanged": "",
    "exchangedAt": "",
    "exchangedBy": ""
  },
  {
    "code": "DXI-0141",
    "name": "Riska Miranda",
    "desc": "SMP PAPB",
    "shift": 1,
    "isAttended": "",
    "updatedBy": "",
    "isExchanged": "",
    "exchangedAt": "",
    "exchangedBy": ""
  },
  {
    "code": "DXI-0142",
    "name": "Annisa PA",
    "desc": "SMP PAPB",
    "shift": 1,
    "isAttended": "",
    "updatedBy": "",
    "isExchanged": "",
    "exchangedAt": "",
    "exchangedBy": ""
  },
  {
    "code": "DXI-0144",
    "name": "Attidhira Citra",
    "desc": "SMP PAPB",
    "shift": 1,
    "isAttended": "",
    "updatedBy": "",
    "isExchanged": "",
    "exchangedAt": "",
    "exchangedBy": ""
  },
  {
    "code": "DXI-0146",
    "name": "Fenadia Nastia",
    "desc": "SMP PAPB",
    "shift": 1,
    "isAttended": "",
    "updatedBy": "",
    "isExchanged": "",
    "exchangedAt": "",
    "exchangedBy": ""
  },
  {
    "code": "DXI-0147",
    "name": "Vidianne Anggria",
    "desc": "SMA 11 Semarang",
    "shift": 1,
    "isAttended": "",
    "updatedBy": "",
    "isExchanged": "",
    "exchangedAt": "",
    "exchangedBy": ""
  },
  {
    "code": "DXI-0148",
    "name": "Cerelia Alvita",
    "desc": "SMA 11 Semarang",
    "shift": 1,
    "isAttended": "",
    "updatedBy": "",
    "isExchanged": "",
    "exchangedAt": "",
    "exchangedBy": ""
  },
  {
    "code": "DXI-0149",
    "name": "Annis Puspita",
    "desc": "SMA 11 Semarang",
    "shift": 1,
    "isAttended": "",
    "updatedBy": "",
    "isExchanged": "",
    "exchangedAt": "",
    "exchangedBy": ""
  },
  {
    "code": "DXI-0153",
    "name": "Della Kartika",
    "desc": "SMA 11 Semarang",
    "shift": 1,
    "isAttended": "",
    "updatedBy": "",
    "isExchanged": "",
    "exchangedAt": "",
    "exchangedBy": ""
  },
  {
    "code": "DXI-0154",
    "name": "Budi Purwanto",
    "desc": "Saudara Dinda - Semarang",
    "shift": 1,
    "isAttended": "",
    "updatedBy": "",
    "isExchanged": "",
    "exchangedAt": "",
    "exchangedBy": ""
  },
  {
    "code": "DXI-0155",
    "name": "Agung Widodo",
    "desc": "Saudara Dinda - Semarang",
    "shift": 1,
    "isAttended": "",
    "updatedBy": "",
    "isExchanged": "",
    "exchangedAt": "",
    "exchangedBy": ""
  },
  {
    "code": "DXI-0156",
    "name": "Paklek Suhono & Keluarga",
    "desc": "Saudara Dinda - Semarang",
    "shift": 1,
    "isAttended": "",
    "updatedBy": "",
    "isExchanged": "",
    "exchangedAt": "",
    "exchangedBy": ""
  },
  {
    "code": "DXI-0157",
    "name": "Mbah Siti Manan & Keluarga",
    "desc": "Saudara Dinda - Semarang",
    "shift": 1,
    "isAttended": "",
    "updatedBy": "",
    "isExchanged": "",
    "exchangedAt": "",
    "exchangedBy": ""
  },
  {
    "code": "DXI-0159",
    "name": "Bulek Umiyati & Keluarga",
    "desc": "Saudara Dinda - Semarang",
    "shift": 1,
    "isAttended": "",
    "updatedBy": "",
    "isExchanged": "",
    "exchangedAt": "",
    "exchangedBy": ""
  },
  {
    "code": "DXI-0160",
    "name": "Mas Udin & Keluarga",
    "desc": "Saudara Dinda - Semarang",
    "shift": 2,
    "isAttended": "",
    "updatedBy": "",
    "isExchanged": "",
    "exchangedAt": "",
    "exchangedBy": ""
  },
  {
    "code": "DXI-0161",
    "name": "Ibu Siswandi & Keluarga",
    "desc": "Saudara Dinda - Semarang",
    "shift": 1,
    "isAttended": "",
    "updatedBy": "",
    "isExchanged": "",
    "exchangedAt": "",
    "exchangedBy": ""
  },
  {
    "code": "DXI-0162",
    "name": "Mbak Yuli & Keluarga",
    "desc": "Saudara Dinda - Yogyakarta",
    "shift": 2,
    "isAttended": "",
    "updatedBy": "",
    "isExchanged": "",
    "exchangedAt": "",
    "exchangedBy": ""
  },
  {
    "code": "DXI-0163",
    "name": "Mas Yoyok & Keluarga",
    "desc": "Saudara Dinda - Yogyakarta",
    "shift": 2,
    "isAttended": "",
    "updatedBy": "",
    "isExchanged": "",
    "exchangedAt": "",
    "exchangedBy": ""
  },
  {
    "code": "DXI-0164",
    "name": "Mbak Emi & Keluarga",
    "desc": "Saudara Dinda - Yogyakarta",
    "shift": 2,
    "isAttended": "",
    "updatedBy": "",
    "isExchanged": "",
    "exchangedAt": "",
    "exchangedBy": ""
  },
  {
    "code": "DXI-0165",
    "name": "Mbak Sri & Keluarga",
    "desc": "Saudara Dinda - Sidoarjo",
    "shift": 2,
    "isAttended": "",
    "updatedBy": "",
    "isExchanged": "",
    "exchangedAt": "",
    "exchangedBy": ""
  },
  {
    "code": "DXI-0166",
    "name": "Mbak Titik & Keluarga",
    "desc": "Saudara Dinda - Yogyakarta",
    "shift": 2,
    "isAttended": "",
    "updatedBy": "",
    "isExchanged": "",
    "exchangedAt": "",
    "exchangedBy": ""
  },
  {
    "code": "DXI-0167",
    "name": "Mas Agus Sapen & Keluarga",
    "desc": "Saudara Dinda - Yogyakarta",
    "shift": 2,
    "isAttended": "",
    "updatedBy": "",
    "isExchanged": "",
    "exchangedAt": "",
    "exchangedBy": ""
  },
  {
    "code": "DXI-0168",
    "name": "Dek Wita & Keluarga",
    "desc": "Saudara Dinda - Yogyakarta",
    "shift": 2,
    "isAttended": "",
    "updatedBy": "",
    "isExchanged": "",
    "exchangedAt": "",
    "exchangedBy": ""
  },
  {
    "code": "DXI-0169",
    "name": "Bulek Tatik & Keluarga",
    "desc": "Saudara Dinda - Semarang",
    "shift": 2,
    "isAttended": "",
    "updatedBy": "",
    "isExchanged": "",
    "exchangedAt": "",
    "exchangedBy": ""
  },
  {
    "code": "DXI-0170",
    "name": "Dek Tanti & Keluarga",
    "desc": "Saudara Dinda - Jepara",
    "shift": 2,
    "isAttended": "",
    "updatedBy": "",
    "isExchanged": "",
    "exchangedAt": "",
    "exchangedBy": ""
  },
  {
    "code": "DXI-0171",
    "name": "Paklek Hermanto & Keluarga",
    "desc": "Saudara Dinda - Dlanggu",
    "shift": 2,
    "isAttended": "",
    "updatedBy": "",
    "isExchanged": "",
    "exchangedAt": "",
    "exchangedBy": ""
  },
  {
    "code": "DXI-0172",
    "name": "Pakdhe Supri",
    "desc": "Saudara Indra - Kendal",
    "shift": 1,
    "isAttended": "",
    "updatedBy": "",
    "isExchanged": "",
    "exchangedAt": "",
    "exchangedBy": ""
  },
  {
    "code": "DXI-0173",
    "name": "Saudara Indra 1",
    "desc": "Saudara Indra - Kendal",
    "shift": 2,
    "isAttended": "",
    "updatedBy": "",
    "isExchanged": "",
    "exchangedAt": "",
    "exchangedBy": ""
  },
  {
    "code": "DXI-0174",
    "name": "Saudara Indra 2",
    "desc": "Saudara Indra - Kendal",
    "shift": 2,
    "isAttended": "",
    "updatedBy": "",
    "isExchanged": "",
    "exchangedAt": "",
    "exchangedBy": ""
  },
  {
    "code": "DXI-0175",
    "name": "Saudara Indra 3",
    "desc": "Saudara Indra - Kendal",
    "shift": 2,
    "isAttended": "",
    "updatedBy": "",
    "isExchanged": "",
    "exchangedAt": "",
    "exchangedBy": ""
  },
  {
    "code": "DXI-0176",
    "name": "Saudara Indra 4",
    "desc": "Saudara Indra - Kendal",
    "shift": 2,
    "isAttended": "",
    "updatedBy": "",
    "isExchanged": "",
    "exchangedAt": "",
    "exchangedBy": ""
  },
  {
    "code": "DXI-0177",
    "name": "Saudara Indra 5",
    "desc": "Saudara Indra - Kendal",
    "shift": 2,
    "isAttended": "",
    "updatedBy": "",
    "isExchanged": "",
    "exchangedAt": "",
    "exchangedBy": ""
  },
  {
    "code": "DXI-0178",
    "name": "VIP - Agus Murdianto",
    "desc": "Bandung",
    "shift": 2,
    "isAttended": "",
    "updatedBy": "",
    "isExchanged": "",
    "exchangedAt": "",
    "exchangedBy": ""
  },
  {
    "code": "DXI-0179",
    "name": "Pri",
    "desc": "Singa Tengah, Semarang",
    "shift": 1,
    "isAttended": "",
    "updatedBy": "",
    "isExchanged": "",
    "exchangedAt": "",
    "exchangedBy": ""
  },
  {
    "code": "DXI-0180",
    "name": "Darsono",
    "desc": "Singa Tengah, Semarang",
    "shift": 1,
    "isAttended": "",
    "updatedBy": "",
    "isExchanged": "",
    "exchangedAt": "",
    "exchangedBy": ""
  },
  {
    "code": "DXI-0181",
    "name": "Solikin",
    "desc": "Singa Tengah, Semarang",
    "shift": 1,
    "isAttended": "",
    "updatedBy": "",
    "isExchanged": "",
    "exchangedAt": "",
    "exchangedBy": ""
  },
  {
    "code": "DXI-0182",
    "name": "Ansila Putri & Bogie Tomy",
    "desc": "UDINUS",
    "shift": 2,
    "isAttended": "",
    "updatedBy": "",
    "isExchanged": "",
    "exchangedAt": "",
    "exchangedBy": ""
  },
  {
    "code": "DXI-0183",
    "name": "Tasya Patria & Yesi Ayusta",
    "desc": "UDINUS",
    "shift": 2,
    "isAttended": "",
    "updatedBy": "",
    "isExchanged": "",
    "exchangedAt": "",
    "exchangedBy": ""
  },
  {
    "code": "DXI-0184",
    "name": "Nawang Sandewi & Aulia Aristiana",
    "desc": "Semarang",
    "shift": 1,
    "isAttended": "",
    "updatedBy": "",
    "isExchanged": "",
    "exchangedAt": "",
    "exchangedBy": ""
  },
  {
    "code": "DXI-0185",
    "name": "Irin Riany",
    "desc": "TVRI",
    "shift": 1,
    "isAttended": "",
    "updatedBy": "",
    "isExchanged": "",
    "exchangedAt": "",
    "exchangedBy": ""
  },
  {
    "code": "DXI-0186",
    "name": "Oong Fatonah",
    "desc": "Tegal",
    "shift": 2,
    "isAttended": "",
    "updatedBy": "",
    "isExchanged": "",
    "exchangedAt": "",
    "exchangedBy": ""
  },
  {
    "code": "DXI-0188",
    "name": "Niken Hapsari",
    "desc": "UDINUS",
    "shift": 2,
    "isAttended": "",
    "updatedBy": "",
    "isExchanged": "",
    "exchangedAt": "",
    "exchangedBy": ""
  },
  {
    "code": "DXI-0189",
    "name": "Roni Yanuar",
    "desc": "UDINUS",
    "shift": 2,
    "isAttended": "",
    "updatedBy": "",
    "isExchanged": "",
    "exchangedAt": "",
    "exchangedBy": ""
  },
  {
    "code": "DXI-0190",
    "name": "Budhe Nanik & Keluarga",
    "desc": "Saudara Dinda - Yogyakarta",
    "shift": 1,
    "isAttended": "",
    "updatedBy": "",
    "isExchanged": "",
    "exchangedAt": "",
    "exchangedBy": ""
  },
  {
    "code": "DXI-0191",
    "name": "Bulek Tutik & Keluarga",
    "desc": "Saudara Dinda - Yogyakarta",
    "shift": 1,
    "isAttended": "",
    "updatedBy": "",
    "isExchanged": "",
    "exchangedAt": "",
    "exchangedBy": ""
  },
  {
    "code": "DXI-0192",
    "name": "Om Totok & Keluarga",
    "desc": "Saudara Dinda - Yogyakarta",
    "shift": 2,
    "isAttended": "",
    "updatedBy": "",
    "isExchanged": "",
    "exchangedAt": "",
    "exchangedBy": ""
  },
  {
    "code": "DXI-0193",
    "name": "Om Tomi & Keluarga",
    "desc": "Saudara Dinda - Yogyakarta",
    "shift": 2,
    "isAttended": "",
    "updatedBy": "",
    "isExchanged": "",
    "exchangedAt": "",
    "exchangedBy": ""
  },
  {
    "code": "DXI-0194",
    "name": "Bulek Yanti & Keluarga",
    "desc": "Saudara Dinda - Yogyakarta",
    "shift": 1,
    "isAttended": "",
    "updatedBy": "",
    "isExchanged": "",
    "exchangedAt": "",
    "exchangedBy": ""
  },
  {
    "code": "DXI-0195",
    "name": "VIP - Rasuna Agusman",
    "desc": "PZ Cussons",
    "shift": 2,
    "isAttended": "",
    "updatedBy": "",
    "isExchanged": "",
    "exchangedAt": "",
    "exchangedBy": ""
  },
  {
    "code": "DXI-0196",
    "name": "Punjung",
    "desc": "Semarang",
    "shift": 2,
    "isAttended": "",
    "updatedBy": "",
    "isExchanged": "",
    "exchangedAt": "",
    "exchangedBy": ""
  },
  {
    "code": "DXI-0197",
    "name": "Dwi Joko Daryono",
    "desc": "Semarang",
    "shift": 2,
    "isAttended": "",
    "updatedBy": "",
    "isExchanged": "",
    "exchangedAt": "",
    "exchangedBy": ""
  },
  {
    "code": "DXI-0198",
    "name": "Joko Hermawan",
    "desc": "Kendal",
    "shift": 2,
    "isAttended": "",
    "updatedBy": "",
    "isExchanged": "",
    "exchangedAt": "",
    "exchangedBy": ""
  },
  {
    "code": "DXI-0199",
    "name": "VIP - Arieswanto",
    "desc": "Semarang",
    "shift": 2,
    "isAttended": "",
    "updatedBy": "",
    "isExchanged": "",
    "exchangedAt": "",
    "exchangedBy": ""
  },
  {
    "code": "DXI-0200",
    "name": "VIP - Budi Sanyoto",
    "desc": "Jakarta",
    "shift": 2,
    "isAttended": "",
    "updatedBy": "",
    "isExchanged": "",
    "exchangedAt": "",
    "exchangedBy": ""
  },
  {
    "code": "DXI-0201",
    "name": "Moch. Syakban",
    "desc": "Semarang",
    "shift": 2,
    "isAttended": "",
    "updatedBy": "",
    "isExchanged": "",
    "exchangedAt": "",
    "exchangedBy": ""
  },
  {
    "code": "DXI-0202",
    "name": "VIP - Ondhie",
    "desc": "PZ Cussons",
    "shift": 2,
    "isAttended": "",
    "updatedBy": "",
    "isExchanged": "",
    "exchangedAt": "",
    "exchangedBy": ""
  },
  {
    "code": "DXI-0203",
    "name": "VIP - Robin",
    "desc": "PZ Cussons",
    "shift": 2,
    "isAttended": "",
    "updatedBy": "",
    "isExchanged": "",
    "exchangedAt": "",
    "exchangedBy": ""
  },
  {
    "code": "DXI-0204",
    "name": "Dani",
    "desc": "Semarang",
    "shift": 2,
    "isAttended": "",
    "updatedBy": "",
    "isExchanged": "",
    "exchangedAt": "",
    "exchangedBy": ""
  },
  {
    "code": "DXI-0205",
    "name": "Nur Cholim",
    "desc": "Jalan Singa, Semarang",
    "shift": 1,
    "isAttended": "",
    "updatedBy": "",
    "isExchanged": "",
    "exchangedAt": "",
    "exchangedBy": ""
  },
  {
    "code": "DXI-0206",
    "name": "Mulyadi",
    "desc": "Jalan Singa, Semarang",
    "shift": 1,
    "isAttended": "",
    "updatedBy": "",
    "isExchanged": "",
    "exchangedAt": "",
    "exchangedBy": ""
  },
  {
    "code": "DXI-0207",
    "name": "Mardi",
    "desc": "Singa Tengah, Semarang",
    "shift": 1,
    "isAttended": "",
    "updatedBy": "",
    "isExchanged": "",
    "exchangedAt": "",
    "exchangedBy": ""
  },
  {
    "code": "DXI-0208",
    "name": "Budi",
    "desc": "Singa Tengah, Semarang",
    "shift": 1,
    "isAttended": "",
    "updatedBy": "",
    "isExchanged": "",
    "exchangedAt": "",
    "exchangedBy": ""
  },
  {
    "code": "DXI-0209",
    "name": "Sukendro",
    "desc": "Singa Tengah, Semarang",
    "shift": 1,
    "isAttended": "",
    "updatedBy": "",
    "isExchanged": "",
    "exchangedAt": "",
    "exchangedBy": ""
  },
  {
    "code": "DXI-0210",
    "name": "Tini",
    "desc": "Singa Tengah, Semarang",
    "shift": 1,
    "isAttended": "",
    "updatedBy": "",
    "isExchanged": "",
    "exchangedAt": "",
    "exchangedBy": ""
  },
  {
    "code": "DXI-0213",
    "name": "Maryati",
    "desc": "Semarang",
    "shift": 2,
    "isAttended": "",
    "updatedBy": "",
    "isExchanged": "",
    "exchangedAt": "",
    "exchangedBy": ""
  },
  {
    "code": "DXI-0214",
    "name": "Suroso",
    "desc": "Kauman Barat, Semarang",
    "shift": 1,
    "isAttended": "",
    "updatedBy": "",
    "isExchanged": "",
    "exchangedAt": "",
    "exchangedBy": ""
  },
  {
    "code": "DXI-0215",
    "name": "Ingka",
    "desc": "Kauman Barat, Semarang",
    "shift": 1,
    "isAttended": "",
    "updatedBy": "",
    "isExchanged": "",
    "exchangedAt": "",
    "exchangedBy": ""
  },
  {
    "code": "DXI-0216",
    "name": "Ruswanto",
    "desc": "Kauman Barat, Semarang",
    "shift": 1,
    "isAttended": "",
    "updatedBy": "",
    "isExchanged": "",
    "exchangedAt": "",
    "exchangedBy": ""
  },
  {
    "code": "DXI-0217",
    "name": "Yudi",
    "desc": "Kauman Barat, Semarang",
    "shift": 1,
    "isAttended": "",
    "updatedBy": "",
    "isExchanged": "",
    "exchangedAt": "",
    "exchangedBy": ""
  },
  {
    "code": "DXI-0218",
    "name": "Sugueng",
    "desc": "Kauman Barat, Semarang",
    "shift": 1,
    "isAttended": "",
    "updatedBy": "",
    "isExchanged": "",
    "exchangedAt": "",
    "exchangedBy": ""
  },
  {
    "code": "DXI-0219",
    "name": "Parno",
    "desc": "Kauman Barat, Semarang",
    "shift": 1,
    "isAttended": "",
    "updatedBy": "",
    "isExchanged": "",
    "exchangedAt": "",
    "exchangedBy": ""
  },
  {
    "code": "DXI-0220",
    "name": "Budi & Keluarga",
    "desc": "Saudara Dinda - Yogyakarta",
    "shift": 2,
    "isAttended": "",
    "updatedBy": "",
    "isExchanged": "",
    "exchangedAt": "",
    "exchangedBy": ""
  },
  {
    "code": "DXI-0221",
    "name": "Betri & Keluarga",
    "desc": "Saudara Dinda - Yogyakarta",
    "shift": 2,
    "isAttended": "",
    "updatedBy": "",
    "isExchanged": "",
    "exchangedAt": "",
    "exchangedBy": ""
  },
  {
    "code": "DXI-0222",
    "name": "Wiwik & Keluarga",
    "desc": "Saudara Dinda - Yogyakarta",
    "shift": 2,
    "isAttended": "",
    "updatedBy": "",
    "isExchanged": "",
    "exchangedAt": "",
    "exchangedBy": ""
  },
  {
    "code": "DXI-0223",
    "name": "Rizal",
    "desc": "PZ Cussons",
    "shift": 2,
    "isAttended": "",
    "updatedBy": "",
    "isExchanged": "",
    "exchangedAt": "",
    "exchangedBy": ""
  },
  {
    "code": "DXI-0224",
    "name": "VIP - Elbi",
    "desc": "PZ Cussons",
    "shift": 2,
    "isAttended": "",
    "updatedBy": "",
    "isExchanged": "",
    "exchangedAt": "",
    "exchangedBy": ""
  },
  {
    "code": "DXI-0225",
    "name": "Sudarto",
    "desc": "Semarang",
    "shift": 2,
    "isAttended": "",
    "updatedBy": "",
    "isExchanged": "",
    "exchangedAt": "",
    "exchangedBy": ""
  },
  {
    "code": "DXI-0226",
    "name": "Widartono",
    "desc": "Yogyakarta",
    "shift": 1,
    "isAttended": "",
    "updatedBy": "",
    "isExchanged": "",
    "exchangedAt": "",
    "exchangedBy": ""
  },
  {
    "code": "DXI-0227",
    "name": "Alifa Ghaisani",
    "desc": "Hore Heroes",
    "shift": 2,
    "isAttended": "",
    "updatedBy": "",
    "isExchanged": "",
    "exchangedAt": "",
    "exchangedBy": ""
  },
  {
    "code": "DXI-0228",
    "name": "Nadia Kumala Devi",
    "desc": "Hore Heroes",
    "shift": 2,
    "isAttended": "",
    "updatedBy": "",
    "isExchanged": "",
    "exchangedAt": "",
    "exchangedBy": ""
  },
  {
    "code": "DXI-0229",
    "name": "Arinda Dea & Mega Ayu",
    "desc": "Hore Heroes",
    "shift": 2,
    "isAttended": "",
    "updatedBy": "",
    "isExchanged": "",
    "exchangedAt": "",
    "exchangedBy": ""
  },
  {
    "code": "DXI-0230",
    "name": "Yuni Devi",
    "desc": "Hore Heroes",
    "shift": 2,
    "isAttended": "",
    "updatedBy": "",
    "isExchanged": "",
    "exchangedAt": "",
    "exchangedBy": ""
  },
  {
    "code": "DXI-0231",
    "name": "Fadhila & Rifaldi",
    "desc": "Hore Heroes",
    "shift": 2,
    "isAttended": "",
    "updatedBy": "",
    "isExchanged": "",
    "exchangedAt": "",
    "exchangedBy": ""
  },
  {
    "code": "DXI-0232",
    "name": "Dimas Helmi & Taufiqy Seno",
    "desc": "Hore Heroes",
    "shift": 2,
    "isAttended": "",
    "updatedBy": "",
    "isExchanged": "",
    "exchangedAt": "",
    "exchangedBy": ""
  },
  {
    "code": "DXI-0233",
    "name": "Fardian & Hafit",
    "desc": "Hore Heroes",
    "shift": 2,
    "isAttended": "",
    "updatedBy": "",
    "isExchanged": "",
    "exchangedAt": "",
    "exchangedBy": ""
  },
  {
    "code": "DXI-0234",
    "name": "Ratna Lestari & Dinda Fauziah",
    "desc": "Hore Heroes",
    "shift": 2,
    "isAttended": "",
    "updatedBy": "",
    "isExchanged": "",
    "exchangedAt": "",
    "exchangedBy": ""
  },
  {
    "code": "DXI-0235",
    "name": "Singgih",
    "desc": "Hore Heroes",
    "shift": 2,
    "isAttended": "",
    "updatedBy": "",
    "isExchanged": "",
    "exchangedAt": "",
    "exchangedBy": ""
  },
  {
    "code": "DXI-0236",
    "name": "Maricha & Al Ghalib",
    "desc": "UDINUS",
    "shift": 2,
    "isAttended": "",
    "updatedBy": "",
    "isExchanged": "",
    "exchangedAt": "",
    "exchangedBy": ""
  },
  {
    "code": "DXI-0237",
    "name": "Pipid Setya",
    "desc": "UDINUS",
    "shift": 2,
    "isAttended": "",
    "updatedBy": "",
    "isExchanged": "",
    "exchangedAt": "",
    "exchangedBy": ""
  },
  {
    "code": "DXI-0241",
    "name": "Sabila Ilham Bimantara",
    "desc": "UDINUS",
    "shift": 2,
    "isAttended": "",
    "updatedBy": "",
    "isExchanged": "",
    "exchangedAt": "",
    "exchangedBy": ""
  },
  {
    "code": "DXI-0242",
    "name": "Rama",
    "desc": "UDINUS",
    "shift": 2,
    "isAttended": "",
    "updatedBy": "",
    "isExchanged": "",
    "exchangedAt": "",
    "exchangedBy": ""
  },
  {
    "code": "DXI-0243",
    "name": "Ivan",
    "desc": "UDINUS",
    "shift": 2,
    "isAttended": "",
    "updatedBy": "",
    "isExchanged": "",
    "exchangedAt": "",
    "exchangedBy": ""
  },
  {
    "code": "DXI-0244",
    "name": "Tias Nur Hidayah",
    "desc": "UDINUS",
    "shift": 2,
    "isAttended": "",
    "updatedBy": "",
    "isExchanged": "",
    "exchangedAt": "",
    "exchangedBy": ""
  },
  {
    "code": "DXI-0246",
    "name": "Nurla Jannata",
    "desc": "UDINUS",
    "shift": 2,
    "isAttended": "",
    "updatedBy": "",
    "isExchanged": "",
    "exchangedAt": "",
    "exchangedBy": ""
  },
  {
    "code": "DXI-0248",
    "name": "Fika Aprilia",
    "desc": "UDINUS",
    "shift": 1,
    "isAttended": "",
    "updatedBy": "",
    "isExchanged": "",
    "exchangedAt": "",
    "exchangedBy": ""
  },
  {
    "code": "DXI-0251",
    "name": "Apsari Retno",
    "desc": "Hikayat NET TV",
    "shift": 1,
    "isAttended": "",
    "updatedBy": "",
    "isExchanged": "",
    "exchangedAt": "",
    "exchangedBy": ""
  },
  {
    "code": "DXI-0252",
    "name": "Dewi",
    "desc": "Hikayat NET TV",
    "shift": 1,
    "isAttended": "",
    "updatedBy": "",
    "isExchanged": "",
    "exchangedAt": "",
    "exchangedBy": ""
  },
  {
    "code": "DXI-0253",
    "name": "Hajar Nuris Sofa",
    "desc": "Dompet Dhuafa",
    "shift": 1,
    "isAttended": "",
    "updatedBy": "",
    "isExchanged": "",
    "exchangedAt": "",
    "exchangedBy": ""
  },
  {
    "code": "DXI-0255",
    "name": "VIP - Ibu Erika Devi Udayanti",
    "desc": "Dosen UDINUS",
    "shift": 1,
    "isAttended": "",
    "updatedBy": "",
    "isExchanged": "",
    "exchangedAt": "",
    "exchangedBy": ""
  },
  {
    "code": "DXI-0256",
    "name": "VIP - Ibu Etika Kartikadarma",
    "desc": "Dosen UDINUS",
    "shift": 1,
    "isAttended": "",
    "updatedBy": "",
    "isExchanged": "",
    "exchangedAt": "",
    "exchangedBy": ""
  },
  {
    "code": "DXI-0257",
    "name": "VIP - Bapak Rindra Yusianto",
    "desc": "Dosen UDINUS",
    "shift": 1,
    "isAttended": "",
    "updatedBy": "",
    "isExchanged": "",
    "exchangedAt": "",
    "exchangedBy": ""
  },
  {
    "code": "DXI-0258",
    "name": "VIP - Ibu Amida Yusriana",
    "desc": "Dosen UDINUS",
    "shift": 1,
    "isAttended": "",
    "updatedBy": "",
    "isExchanged": "",
    "exchangedAt": "",
    "exchangedBy": ""
  },
  {
    "code": "DXI-0259",
    "name": "VIP - Ibu Devi Purnamasari",
    "desc": "Dosen UDINUS",
    "shift": 1,
    "isAttended": "",
    "updatedBy": "",
    "isExchanged": "",
    "exchangedAt": "",
    "exchangedBy": ""
  },
  {
    "code": "DXI-0260",
    "name": "VIP - Ibu Mukaromah",
    "desc": "Dosen UDINUS",
    "shift": 1,
    "isAttended": "",
    "updatedBy": "",
    "isExchanged": "",
    "exchangedAt": "",
    "exchangedBy": ""
  },
  {
    "code": "DXI-0261",
    "name": "VIP - Mrs. Cinantya Paramita",
    "desc": "Dosen UDINUS",
    "shift": 1,
    "isAttended": "",
    "updatedBy": "",
    "isExchanged": "",
    "exchangedAt": "",
    "exchangedBy": ""
  },
  {
    "code": "DXI-0262",
    "name": "VIP - Bapak Pulung Nurtantio Andono",
    "desc": "Dosen UDINUS",
    "shift": 1,
    "isAttended": "",
    "updatedBy": "",
    "isExchanged": "",
    "exchangedAt": "",
    "exchangedBy": ""
  },
  {
    "code": "DXI-0263",
    "name": "Tanjung",
    "desc": "Semarang",
    "shift": 2,
    "isAttended": "",
    "updatedBy": "",
    "isExchanged": "",
    "exchangedAt": "",
    "exchangedBy": ""
  },
  {
    "code": "DXI-0264",
    "name": "Danu",
    "desc": "Semarang",
    "shift": 2,
    "isAttended": "",
    "updatedBy": "",
    "isExchanged": "",
    "exchangedAt": "",
    "exchangedBy": ""
  },
  {
    "code": "DXI-0265",
    "name": "Eko Sukoco",
    "desc": "Semarang",
    "shift": 2,
    "isAttended": "",
    "updatedBy": "",
    "isExchanged": "",
    "exchangedAt": "",
    "exchangedBy": ""
  },
  {
    "code": "DXI-0266",
    "name": "Jubedi",
    "desc": "Salatiga",
    "shift": 2,
    "isAttended": "",
    "updatedBy": "",
    "isExchanged": "",
    "exchangedAt": "",
    "exchangedBy": ""
  },
  {
    "code": "DXI-0267",
    "name": "Jamaludin",
    "desc": "Semarang",
    "shift": 2,
    "isAttended": "",
    "updatedBy": "",
    "isExchanged": "",
    "exchangedAt": "",
    "exchangedBy": ""
  },
  {
    "code": "DXI-0268",
    "name": "Sutrisno",
    "desc": "Semarang",
    "shift": 2,
    "isAttended": "",
    "updatedBy": "",
    "isExchanged": "",
    "exchangedAt": "",
    "exchangedBy": ""
  },
  {
    "code": "DXI-0269",
    "name": "Riema Maristella",
    "desc": "Semarang",
    "shift": 1,
    "isAttended": "",
    "updatedBy": "",
    "isExchanged": "",
    "exchangedAt": "",
    "exchangedBy": ""
  },
  {
    "code": "DXI-0270",
    "name": "Haris Yuliyanto",
    "desc": "UDINUS",
    "shift": 2,
    "isAttended": "",
    "updatedBy": "",
    "isExchanged": "",
    "exchangedAt": "",
    "exchangedBy": ""
  },
  {
    "code": "DXI-0271",
    "name": "Hengky Widiantoro",
    "desc": "UDINUS",
    "shift": 2,
    "isAttended": "",
    "updatedBy": "",
    "isExchanged": "",
    "exchangedAt": "",
    "exchangedBy": ""
  },
  {
    "code": "DXI-0272",
    "name": "Dhia Ayu & Akhadila Bayu",
    "desc": "UDINUS",
    "shift": 1,
    "isAttended": "",
    "updatedBy": "",
    "isExchanged": "",
    "exchangedAt": "",
    "exchangedBy": ""
  },
  {
    "code": "DXI-0273",
    "name": "Dhiyas Mareda",
    "desc": "Hore Heroes",
    "shift": 2,
    "isAttended": "",
    "updatedBy": "",
    "isExchanged": "",
    "exchangedAt": "",
    "exchangedBy": ""
  },
  {
    "code": "DXI-0274",
    "name": "Reny Dwi",
    "desc": "Hore Heroes",
    "shift": 2,
    "isAttended": "",
    "updatedBy": "",
    "isExchanged": "",
    "exchangedAt": "",
    "exchangedBy": ""
  },
  {
    "code": "DXI-0275",
    "name": "Nabila Hanum",
    "desc": "Hore Heroes",
    "shift": 2,
    "isAttended": "",
    "updatedBy": "",
    "isExchanged": "",
    "exchangedAt": "",
    "exchangedBy": ""
  },
  {
    "code": "DXI-0276",
    "name": "Herlin",
    "desc": "Hore Heroes",
    "shift": 2,
    "isAttended": "",
    "updatedBy": "",
    "isExchanged": "",
    "exchangedAt": "",
    "exchangedBy": ""
  },
  {
    "code": "DXI-0277",
    "name": "Maura Savira",
    "desc": "Hore Heroes",
    "shift": 2,
    "isAttended": "",
    "updatedBy": "",
    "isExchanged": "",
    "exchangedAt": "",
    "exchangedBy": ""
  },
  {
    "code": "DXI-0278",
    "name": "Dian Octaviana",
    "desc": "Hore Heroes",
    "shift": 2,
    "isAttended": "",
    "updatedBy": "",
    "isExchanged": "",
    "exchangedAt": "",
    "exchangedBy": ""
  },
  {
    "code": "DXI-0279",
    "name": "Amalia KW",
    "desc": "Hore Heroes",
    "shift": 2,
    "isAttended": "",
    "updatedBy": "",
    "isExchanged": "",
    "exchangedAt": "",
    "exchangedBy": ""
  },
  {
    "code": "DXI-0280",
    "name": "Nastiti Silvananda",
    "desc": "Hore Heroes",
    "shift": 2,
    "isAttended": "",
    "updatedBy": "",
    "isExchanged": "",
    "exchangedAt": "",
    "exchangedBy": ""
  },
  {
    "code": "DXI-0281",
    "name": "Almalina Nabila",
    "desc": "Semarang",
    "shift": 1,
    "isAttended": "",
    "updatedBy": "",
    "isExchanged": "",
    "exchangedAt": "",
    "exchangedBy": ""
  },
  {
    "code": "DXI-0282",
    "name": "Abdul Ghofar",
    "desc": "Sahabat Indra",
    "shift": 1,
    "isAttended": "",
    "updatedBy": "",
    "isExchanged": "",
    "exchangedAt": "",
    "exchangedBy": ""
  },
  {
    "code": "DXI-0283",
    "name": "Milatina NH",
    "desc": "Semarang",
    "shift": 1,
    "isAttended": "",
    "updatedBy": "",
    "isExchanged": "",
    "exchangedAt": "",
    "exchangedBy": ""
  },
  {
    "code": "DXI-0284",
    "name": "VIP - Ibu Mutia Rahmi Pratiwi",
    "desc": "Dosen UDINUS",
    "shift": 1,
    "isAttended": "",
    "updatedBy": "",
    "isExchanged": "",
    "exchangedAt": "",
    "exchangedBy": ""
  },
  {
    "code": "DXI-0285",
    "name": "VIP - Bapak Ajib Susanto",
    "desc": "Dosen UDINUS",
    "shift": 1,
    "isAttended": "",
    "updatedBy": "",
    "isExchanged": "",
    "exchangedAt": "",
    "exchangedBy": ""
  },
  {
    "code": "DXI-0286",
    "name": "Bulek Ida & Keluarga",
    "desc": "Saudara Dinda - Semarang",
    "shift": 1,
    "isAttended": "",
    "updatedBy": "",
    "isExchanged": "",
    "exchangedAt": "",
    "exchangedBy": ""
  },
  {
    "code": "DXI-0287",
    "name": "Mayumi Kris G",
    "desc": "SMP PAPB",
    "shift": 1,
    "isAttended": "",
    "updatedBy": "",
    "isExchanged": "",
    "exchangedAt": "",
    "exchangedBy": ""
  },
  {
    "code": "DXI-0288",
    "name": "Yumna Setia",
    "desc": "SMP PAPB",
    "shift": 1,
    "isAttended": "",
    "updatedBy": "",
    "isExchanged": "",
    "exchangedAt": "",
    "exchangedBy": ""
  },
  {
    "code": "DXI-0289",
    "name": "Mochammad Sholihin (Emsho)",
    "desc": "Hikayat NET TV",
    "shift": 1,
    "isAttended": "",
    "updatedBy": "",
    "isExchanged": "",
    "exchangedAt": "",
    "exchangedBy": ""
  },
  {
    "code": "DXI-0290",
    "name": "Novan & Dika",
    "desc": "Saudara Indra - Kendal",
    "shift": 1,
    "isAttended": "",
    "updatedBy": "",
    "isExchanged": "",
    "exchangedAt": "",
    "exchangedBy": ""
  }
]